{
  "version": 1,
  "author": "Amany Serhan",
  "editor": "wokwi",
  "parts": [
    { "type": "board-esp32-devkit-c-v4", "id": "esp", "top": 0, "left": -110.36, "attrs": {} },
    {
      "type": "wokwi-dht22",
      "id": "dht1",
      "top": -28.5,
      "left": -226.2,
      "attrs": { "temperature": "20.3" }
    },
    { "type": "wokwi-servo", "id": "servo1", "top": 122.8, "left": 86.4, "attrs": {} },
    { "type": "wokwi-led", "id": "led1", "top": 54, "left": 13.4, "attrs": { "color": "red" } },
    { "type": "wokwi-led", "id": "led2", "top": 54, "left": 61.4, "attrs": { "color": "yellow" } },
    {
      "type": "wokwi-buzzer",
      "id": "bz1",
      "top": -55.2,
      "left": 136.2,
      "attrs": { "volume": "0.1" }
    },
    {
      "type": "wokwi-resistor",
      "id": "r1",
      "top": -34.45,
      "left": -86.4,
      "attrs": { "value": "220" }
    },
    {
      "type": "wokwi-resistor",
      "id": "r2",
      "top": -63.25,
      "left": -86.4,
      "attrs": { "value": "220" }
    }
  ],
  "connections": [
    [ "esp:TX", "$serialMonitor:RX", "", [] ],
    [ "esp:RX", "$serialMonitor:TX", "", [] ],
    [ "dht1:VCC", "esp:3V3", "black", [ "v-19.2", "h76.8", "v-57.6" ] ],
    [ "dht1:SDA", "esp:15", "black", [ "v105.6", "h240.1", "v-48" ] ],
    [ "dht1:GND", "esp:GND.1", "black", [ "v0" ] ],
    [ "servo1:GND", "esp:GND.2", "black", [ "h-86.4", "v-144" ] ],
    [ "servo1:V+", "esp:5V", "black", [ "h-9.6", "v38.5", "h-259.2", "v-19.2" ] ],
    [ "servo1:PWM", "esp:13", "black", [ "v38.6", "h-268.8", "v-67.2" ] ],
    [ "r1:1", "servo1:GND", "black", [ "v19.2", "h96", "v163.2", "h86.4" ] ],
    [ "led1:C", "r1:2", "black", [ "v9.6", "h-18.8", "v-153.6" ] ],
    [ "led1:A", "esp:5", "black", [ "v19.2", "h-28.8", "v-9.6" ] ],
    [ "led2:C", "r2:1", "black", [ "v9.6", "h-28.4", "v-153.6", "h-144" ] ],
    [ "r2:2", "servo1:GND", "black", [ "v0", "h85.2", "v0", "h48", "v211.2", "h-19.2" ] ],
    [ "led2:A", "esp:2", "black", [ "v0" ] ],
    [
      "bz1:2",
      "esp:25",
      "black",
      [ "v182.4", "h-67.6", "v28.8", "h-297.6", "v-19.2", "h0", "v-96" ]
    ],
    [ "bz1:1", "servo1:GND", "black", [ "v115.2", "h-67.2" ] ]
  ],
  "dependencies": {}
}